{
    "name": "vitis_hls__vitis_hls__simple__shm",
    "tags": [
        "vitis_hls",
        "vitis_hls__simple",
        "shm"
    ],
    "times": [
        35.02204203605652,
        30.053900718688965,
        36.780420780181885,
        35.083274364471436,
        37.50356888771057,
        34.65424466133118,
        36.64824914932251,
        36.95855498313904,
        36.5961651802063,
        36.873963832855225,
        35.635807275772095,
        34.67661452293396,
        37.11877751350403,
        35.361093521118164,
        37.22972130775452,
        36.86067032814026,
        37.8478569984436,
        36.8779296875,
        35.30407667160034,
        35.295151472091675,
        37.23085260391235,
        36.69912338256836,
        37.550490379333496,
        29.899143934249878,
        36.81703066825867,
        36.51268768310547,
        37.226425886154175,
        30.159263610839844,
        34.63179683685303,
        34.53396201133728,
        36.281160831451416,
        37.37189197540283,
        35.1898353099823,
        37.69391059875488,
        36.979801654815674,
        37.12716197967529,
        37.37357783317566,
        37.39423680305481,
        36.92799949645996,
        34.83958959579468,
        35.336214542388916,
        37.82006096839905,
        36.56701302528381,
        35.32639145851135,
        37.43868660926819,
        36.85393571853638,
        34.543879985809326,
        35.61503028869629
    ],
    "mean": 35.965067490935326,
    "std": 1.8493620701520288,
    "var": 3.4201400665169976,
    "median": 36.673686265945435,
    "p25": 35.216164350509644,
    "p75": 37.201609909534454,
    "p05": 34.54288818836212,
    "p95": 37.763293302059175,
    "min_time": 29.899143934249878,
    "max_time": 37.8478569984436
}