{
    "name": "vitis_hls__vitis_hls__nesting__shm+mimalloc",
    "tags": [
        "vitis_hls",
        "vitis_hls__nesting",
        "shm",
        "mimalloc"
    ],
    "times": [
        226.2456955909729,
        274.27147698402405,
        260.4539749622345,
        266.0077211856842,
        271.1297080516815,
        266.3875877857208,
        281.20814776420593,
        264.3945863246918,
        267.04872584342957,
        239.80907535552979,
        253.3999044895172,
        286.52843832969666,
        277.0341486930847,
        268.92302799224854,
        270.0510425567627,
        285.6357374191284,
        273.1765868663788,
        283.70532417297363,
        232.65728878974915,
        230.81296634674072,
        268.41977548599243,
        251.51807951927185,
        226.49106550216675,
        266.7809498310089,
        247.07077074050903,
        282.35916566848755,
        225.93471693992615,
        249.74060797691345,
        225.07639479637146,
        202.11714482307434,
        212.42231726646423,
        272.21936869621277,
        286.8100588321686,
        270.752961397171,
        287.0828983783722,
        255.73617482185364,
        259.9456374645233,
        241.05220103263855,
        199.16868448257446,
        261.5553181171417,
        279.20441365242004,
        264.21990394592285,
        227.22790670394897,
        252.77236461639404,
        205.9241921901703,
        251.78195309638977,
        224.58704662322998,
        242.88852381706238
    ],
    "mean": 254.57795337339243,
    "std": 24.055183816048586,
    "var": 578.6518684238858,
    "median": 261.0046465396881,
    "p25": 234.4452354311943,
    "p75": 271.94695353507996,
    "p05": 223.37057368755342,
    "p95": 286.6833296060562,
    "min_time": 199.16868448257446,
    "max_time": 287.0828983783722
}