{
    "name": "vitis_hls__vitis_hls__nesting__shm",
    "tags": [
        "vitis_hls",
        "vitis_hls__nesting",
        "shm"
    ],
    "times": [
        271.1123559474945,
        258.28691935539246,
        260.07866764068604,
        221.53907704353333,
        284.38473892211914,
        262.82403111457825,
        269.9904816150665,
        271.49261450767517,
        287.0603175163269,
        253.66168999671936,
        252.88960552215576,
        287.0697350502014,
        280.68316650390625,
        249.3344283103943,
        224.8000500202179,
        284.42627120018005,
        294.4846684932709,
        263.4705317020416,
        233.26190423965454,
        281.5722544193268,
        273.22748017311096,
        257.35845470428467,
        262.47152161598206,
        279.0947570800781,
        281.1546766757965,
        271.8482630252838,
        284.0400207042694,
        277.3270351886749,
        260.29889583587646,
        199.5487356185913,
        288.02284693717957,
        259.66190481185913,
        241.48038029670715,
        292.92471385002136,
        263.7541036605835,
        221.44743013381958,
        294.7853503227234,
        211.3360311985016,
        232.8348753452301,
        289.271977186203,
        257.88564133644104,
        267.6984555721283,
        217.82374739646912,
        251.46984124183655,
        271.9447331428528,
        289.10284876823425,
        285.1492874622345,
        258.91744327545166
    ],
    "mean": 263.21468670169514,
    "std": 23.680597490514177,
    "var": 560.7706975077464,
    "median": 265.7262796163559,
    "p25": 253.08262664079666,
    "p75": 283.42307913303375,
    "p05": 221.52991235256195,
    "p95": 293.7826889038086,
    "min_time": 199.5487356185913,
    "max_time": 294.7853503227234
}