{
    "name": "vitis_hls__vitis_hls__simple__disk",
    "tags": [
        "vitis_hls",
        "vitis_hls__simple",
        "disk"
    ],
    "times": [
        36.10021257400513,
        36.57879161834717,
        36.683709383010864,
        35.04327630996704,
        36.11382508277893,
        36.554747343063354,
        36.26819586753845,
        37.01045608520508,
        34.72122097015381,
        35.89068269729614,
        35.61601185798645,
        35.94502878189087,
        32.30011343955994,
        36.236560106277466,
        36.16570544242859,
        36.53392314910889,
        32.331369161605835,
        35.600892066955566,
        35.882620096206665,
        35.40333652496338,
        36.128146171569824,
        36.80941390991211,
        36.06241250038147,
        32.315860748291016,
        31.703696250915527,
        36.1623854637146,
        32.35139083862305,
        35.621251344680786,
        36.90951442718506,
        35.66333198547363,
        36.14268755912781,
        36.139477252960205,
        31.679924488067627,
        36.61817216873169,
        36.862060546875,
        36.59058856964111,
        31.515759706497192,
        36.508171796798706,
        35.63823366165161,
        35.443726539611816,
        36.404319763183594,
        36.94995665550232,
        36.59774374961853,
        36.438626766204834,
        36.09522819519043,
        36.624444246292114,
        34.57417416572571,
        35.3071014881134
    ],
    "mean": 35.51746832331022,
    "std": 1.5604790891611198,
    "var": 2.4350949877091184,
    "median": 36.10701882839203,
    "p25": 35.41343402862549,
    "p75": 36.54954129457474,
    "p05": 32.314286017417906,
    "p95": 36.93175765275955,
    "min_time": 31.515759706497192,
    "max_time": 37.01045608520508
}