{
    "name": "vitis_hls__vitis_hls__simple__shm+mimalloc",
    "tags": [
        "vitis_hls",
        "vitis_hls__simple",
        "shm",
        "mimalloc"
    ],
    "times": [
        32.51674509048462,
        34.89130878448486,
        37.19107747077942,
        36.742857217788696,
        37.30053091049194,
        36.120386600494385,
        34.695385217666626,
        36.75111699104309,
        37.1101450920105,
        36.27023434638977,
        36.665234088897705,
        37.01175308227539,
        34.891024112701416,
        37.37068319320679,
        36.661701917648315,
        37.32949614524841,
        36.893365144729614,
        37.175496339797974,
        37.334481716156006,
        37.06524586677551,
        37.4417769908905,
        37.14093732833862,
        37.194364070892334,
        36.26547622680664,
        37.09911775588989,
        35.93814301490784,
        36.20645022392273,
        35.858333110809326,
        36.5949866771698,
        37.16237688064575,
        37.13251829147339,
        34.67416310310364,
        34.29636335372925,
        37.233397483825684,
        37.29188561439514,
        36.93419408798218,
        37.27826261520386,
        36.53298234939575,
        36.75368666648865,
        36.46202254295349,
        37.25894236564636,
        36.69527578353882,
        34.98462533950806,
        37.42584300041199,
        37.35575461387634,
        36.317692279815674,
        36.692455530166626,
        37.369044065475464
    ],
    "mean": 36.532902931173645,
    "std": 1.0194099361197715,
    "var": 1.0391966178597165,
    "median": 36.82352590560913,
    "p25": 36.26666575670242,
    "p75": 37.223639130592346,
    "p05": 34.871460223197936,
    "p95": 37.401021087169646,
    "min_time": 32.51674509048462,
    "max_time": 37.4417769908905
}