{
    "name": "vitis_hls__vitis_hls__nesting__disk",
    "tags": [
        "vitis_hls",
        "vitis_hls__nesting",
        "disk"
    ],
    "times": [
        300.03004932403564,
        278.905668258667,
        314.59272503852844,
        309.04986095428467,
        317.8943238258362,
        290.91844391822815,
        311.8557596206665,
        300.5469365119934,
        310.0793561935425,
        315.96930956840515,
        290.5123209953308,
        274.35931372642517,
        304.71059465408325,
        308.93986320495605,
        317.0448191165924,
        300.268501996994,
        278.18520617485046,
        307.53297448158264,
        316.07528495788574,
        318.25756335258484,
        306.24311685562134,
        294.2568898200989,
        308.3555545806885,
        273.8625886440277,
        301.92498874664307,
        294.22574281692505,
        314.15807938575745,
        320.3653335571289,
        314.0104730129242,
        302.8084704875946,
        294.9769151210785,
        304.7088100910187,
        301.29304909706116,
        289.0733687877655,
        296.2541432380676,
        320.7636032104492,
        309.2121732234955,
        302.0659863948822,
        307.279417514801,
        311.0969467163086,
        281.6425139904022,
        278.8584086894989,
        306.11805605888367,
        304.8332657814026,
        291.84716534614563,
        307.69961977005005,
        308.17151284217834,
        287.65888690948486
    ],
    "mean": 302.07279076178867,
    "std": 12.58852615796414,
    "var": 158.4709908297474,
    "median": 304.7719302177429,
    "p25": 294.2335295677185,
    "p75": 310.84254908561707,
    "p05": 278.9009423017502,
    "p95": 319.4168369650841,
    "min_time": 273.8625886440277,
    "max_time": 320.7636032104492
}