{
    "name": "vtr__vtr__mcnc_big__shm",
    "tags": [
        "vtr",
        "vtr__mcnc_big",
        "shm"
    ],
    "times": [
        27.327538013458252,
        32.211464405059814,
        34.76639795303345,
        26.688003540039062,
        26.902621269226074,
        26.852032899856567,
        27.34449791908264,
        26.1607346534729,
        34.87979769706726,
        34.95367646217346,
        28.26052951812744,
        30.426402807235718,
        34.67920732498169,
        24.809492111206055,
        34.83130645751953,
        29.75817894935608,
        29.216795682907104,
        26.44112753868103,
        25.3512179851532,
        29.96608591079712,
        29.548900842666626,
        29.660264253616333,
        34.80930685997009,
        34.99585747718811,
        27.11357617378235,
        34.92710614204407,
        27.814311742782593,
        28.64068031311035,
        32.90290093421936,
        26.012041091918945,
        26.577035903930664,
        24.67666220664978
    ],
    "mean": 29.672054782509804,
    "std": 3.566355454824531,
    "var": 12.718891230156688,
    "median": 28.928737998008728,
    "p25": 26.72901087999344,
    "p75": 34.23513072729111,
    "p05": 25.549464917182924,
    "p95": 34.96843981742859,
    "min_time": 24.67666220664978,
    "max_time": 34.99585747718811
}