{
    "name": "vtr__vtr__mcnc_big_search__disk+mimalloc",
    "tags": [
        "vtr",
        "vtr__mcnc_big_search",
        "disk",
        "mimalloc"
    ],
    "times": [
        82.03082418441772,
        84.27226448059082,
        74.26371264457703,
        76.68824625015259,
        95.10043525695801,
        89.44096755981445,
        76.42577075958252,
        97.65906095504761,
        105.85714554786682,
        93.94355821609497,
        105.37567138671875,
        101.38822722434998,
        90.5927186012268,
        98.67458128929138,
        92.44597458839417,
        93.63343024253845,
        93.65728259086609,
        95.67724657058716,
        101.707359790802,
        98.33936500549316,
        100.74523615837097,
        80.40955853462219,
        102.01875114440918,
        104.78817200660706,
        101.17360281944275,
        102.40071201324463,
        104.3462266921997,
        101.93023204803467,
        98.66326022148132,
        95.58158898353577,
        81.42903757095337,
        95.22883677482605,
        82.07183694839478,
        103.61325597763062,
        105.35372138023376,
        90.05844283103943,
        100.88028359413147,
        104.1390118598938,
        105.57271456718445,
        101.57019805908203,
        102.15701723098755,
        88.36100602149963,
        103.53068470954895,
        94.84462475776672,
        102.34769868850708,
        88.86457705497742,
        104.35234928131104,
        93.98868680000305
    ],
    "mean": 95.5748993307352,
    "std": 8.744981135361316,
    "var": 76.47469505782529,
    "median": 97.99921298027039,
    "p25": 90.19201177358627,
    "p75": 102.3000283241272,
    "p05": 81.32708966732025,
    "p95": 105.48404513597488,
    "min_time": 74.26371264457703,
    "max_time": 105.85714554786682
}