{
    "name": "vtr__vtr__mcnc_big__disk",
    "tags": [
        "vtr",
        "vtr__mcnc_big",
        "disk"
    ],
    "times": [
        33.81658935546875,
        26.945265531539917,
        31.65142583847046,
        29.784422636032104,
        30.712026357650757,
        28.698318243026733,
        27.415616989135742,
        23.872314453125,
        34.956578493118286,
        32.33223843574524,
        35.21008253097534,
        32.96546506881714,
        34.97380971908569,
        32.36447548866272,
        25.23026132583618,
        30.558533668518066,
        34.630624294281006,
        33.70691990852356,
        28.496574640274048,
        33.7023446559906,
        26.476309061050415,
        33.64172005653381,
        33.015421628952026,
        35.22771406173706,
        33.881871700286865,
        25.641709327697754,
        34.181283950805664,
        25.144177436828613,
        33.37877607345581,
        32.02020335197449,
        25.266881704330444,
        31.838322639465332,
        35.4366397857666,
        29.969046354293823,
        30.678474187850952,
        35.05868434906006,
        31.32686996459961,
        35.139744997024536,
        33.09767413139343,
        32.08934473991394,
        31.507362365722656,
        27.64893412590027,
        33.19943332672119,
        33.696165561676025,
        34.812154054641724,
        33.515196800231934,
        34.086047887802124,
        32.8227105140686
    ],
    "mean": 31.57964087029298,
    "std": 3.2352579382812947,
    "var": 10.466893927212135,
    "median": 32.59359300136566,
    "p25": 29.830578565597534,
    "p75": 33.865551114082336,
    "p05": 25.604226565361024,
    "p95": 35.219779872894286,
    "min_time": 23.872314453125,
    "max_time": 35.4366397857666
}