{
    "name": "vtr__vtr__mcnc_simple__shm",
    "tags": [
        "vtr",
        "vtr__mcnc_simple",
        "shm"
    ],
    "times": [
        0.32347774505615234,
        0.3199481964111328,
        0.32265424728393555,
        0.3659324645996094,
        0.3779561519622803,
        0.3791623115539551,
        0.3745689392089844,
        0.37788987159729004,
        0.3765907287597656,
        0.19676709175109863,
        0.37764477729797363,
        0.37415599822998047,
        0.3748314380645752,
        0.30750036239624023,
        0.3899962902069092,
        0.3092184066772461,
        0.29088544845581055,
        0.2518730163574219,
        0.3754994869232178,
        0.38003969192504883,
        0.37709784507751465,
        0.31627798080444336,
        0.31268310546875,
        0.3820486068725586,
        0.20122122764587402,
        0.3802025318145752,
        0.24869632720947266,
        0.3780529499053955,
        0.37576770782470703,
        0.37654972076416016,
        0.36648058891296387,
        0.3769543170928955
    ],
    "mean": 0.3418320491909981,
    "std": 0.05392301650592212,
    "var": 0.0029076917090979496,
    "median": 0.3747001886367798,
    "p25": 0.31358182430267334,
    "p75": 0.37782859802246094,
    "p05": 0.2496493339538574,
    "p95": 0.3848302960395813,
    "min_time": 0.19676709175109863,
    "max_time": 0.3899962902069092
}