{
    "name": "vtr__vtr__mcnc_simple__shm+mimalloc",
    "tags": [
        "vtr",
        "vtr__mcnc_simple",
        "shm",
        "mimalloc"
    ],
    "times": [
        0.36574506759643555,
        0.35292720794677734,
        0.3567087650299072,
        0.38249802589416504,
        0.375826358795166,
        0.3610219955444336,
        0.38385581970214844,
        0.3999598026275635,
        0.3953227996826172,
        0.406801700592041,
        0.3825654983520508,
        0.22315096855163574,
        0.38138341903686523,
        0.40496158599853516,
        0.39588379859924316,
        0.3971059322357178,
        0.3639562129974365,
        0.3903086185455322,
        0.3919801712036133,
        0.3881375789642334,
        0.40920066833496094,
        0.3964204788208008,
        0.3033008575439453,
        0.40735888481140137,
        0.37644433975219727,
        0.24511408805847168,
        0.37036728858947754,
        0.38822126388549805,
        0.38112831115722656,
        0.36775803565979004,
        0.3181183338165283,
        0.39162373542785645
    ],
    "mean": 0.370473675429821,
    "std": 0.04284733412323197,
    "var": 0.0018358940414678784,
    "median": 0.3825317621231079,
    "p25": 0.3644034266471863,
    "p75": 0.39574354887008667,
    "p05": 0.3077461004257202,
    "p95": 0.4080035090446472,
    "min_time": 0.22315096855163574,
    "max_time": 0.40920066833496094
}