{
    "name": "vtr__vtr__mcnc_big_search__disk",
    "tags": [
        "vtr",
        "vtr__mcnc_big_search",
        "disk"
    ],
    "times": [
        169.3683898448944,
        127.8582215309143,
        165.35892820358276,
        134.68681812286377,
        170.6067099571228,
        123.91541481018066,
        142.03780150413513,
        159.9455189704895,
        131.9796335697174,
        156.2003026008606,
        158.72191715240479,
        169.74891209602356,
        129.33698058128357,
        164.5996015071869,
        164.25984597206116,
        161.4798858165741,
        166.1813735961914,
        156.59807300567627,
        122.20125484466553,
        164.71515893936157,
        168.68070816993713,
        134.5331654548645,
        154.85624289512634,
        147.7923502922058,
        138.31749296188354,
        133.95754432678223,
        157.53376460075378,
        127.33516669273376,
        117.07802248001099,
        163.1445393562317,
        162.14159154891968,
        158.31446933746338,
        158.85537767410278,
        169.333327293396,
        169.23998379707336,
        156.96554112434387,
        168.28345227241516,
        154.32008266448975,
        139.0950756072998,
        162.88700461387634,
        161.77408957481384,
        148.85356760025024,
        162.34113121032715,
        168.6453754901886,
        161.99322533607483,
        162.00368475914001,
        157.0258092880249,
        163.64254307746887
    ],
    "mean": 153.51552233596644,
    "std": 15.183526499124445,
    "var": 230.53947694961425,
    "median": 158.78864741325378,
    "p25": 139.83075708150864,
    "p75": 164.51466262340546,
    "p05": 127.80591604709625,
    "p95": 169.57767708301543,
    "min_time": 117.07802248001099,
    "max_time": 170.6067099571228
}