{
    "name": "vtr__vtr__mcnc_big_search__disk+mimalloc+lcall",
    "tags": [
        "vtr",
        "vtr__mcnc_big_search",
        "disk",
        "mimalloc",
        "lcall"
    ],
    "times": [
        76.6867663860321,
        73.78865933418274,
        98.66315650939941,
        99.89165234565735,
        108.22113680839539,
        76.0833568572998,
        73.80717778205872,
        102.6543927192688,
        75.68458366394043,
        101.36856031417847,
        106.21606969833374,
        104.44614386558533,
        107.91632175445557,
        100.74047088623047,
        77.58074879646301,
        101.15428900718689,
        99.62522387504578,
        95.79819655418396,
        104.52487778663635,
        108.38525152206421,
        98.70873022079468,
        80.6640100479126,
        102.1688301563263,
        99.77668571472168,
        74.8488826751709,
        75.34369373321533,
        101.4915988445282,
        77.63216066360474,
        101.07814812660217,
        106.43454098701477,
        99.23374319076538,
        97.67756009101868,
        101.86757230758667,
        100.3100278377533,
        100.48265075683594,
        102.7764265537262,
        100.0050904750824,
        71.37777042388916,
        101.35514760017395,
        92.35572338104248,
        104.70087385177612,
        103.68075227737427,
        100.85957503318787,
        106.66192960739136,
        106.75696444511414,
        97.99029302597046,
        104.9797043800354,
        78.95559740066528
    ],
    "mean": 95.48774417241414,
    "std": 11.828630862888348,
    "var": 139.91650809047476,
    "median": 100.39633929729462,
    "p25": 83.58693838119507,
    "p75": 103.45467084646225,
    "p05": 75.29421262741089,
    "p95": 108.08397003412247,
    "min_time": 71.37777042388916,
    "max_time": 108.38525152206421
}