{
    "name": "vtr__vtr__mcnc_big_search__shm+mimalloc",
    "tags": [
        "vtr",
        "vtr__mcnc_big_search",
        "shm",
        "mimalloc"
    ],
    "times": [
        76.5776515007019,
        95.02795243263245,
        90.21794056892395,
        105.01107549667358,
        73.92221164703369,
        73.54053092002869,
        93.17174410820007,
        100.1295702457428,
        99.18503308296204,
        76.46077132225037,
        75.70457053184509,
        83.07122421264648,
        93.0894820690155,
        93.89386630058289,
        69.77819442749023,
        82.6362452507019,
        104.37333869934082,
        101.82384181022644,
        99.31967067718506,
        99.69574213027954,
        104.14701199531555,
        101.09582734107971,
        94.28048968315125,
        89.46230578422546,
        103.97911071777344,
        99.760915517807,
        100.03822684288025,
        104.48595356941223,
        100.71738839149475,
        78.18048667907715,
        102.37005567550659,
        77.39797401428223,
        97.22326231002808,
        74.15566492080688,
        93.49552488327026,
        96.92602777481079,
        99.8025689125061,
        101.8102777004242,
        102.08546996116638,
        97.18908452987671,
        101.62703800201416,
        105.27178597450256,
        104.08002400398254,
        105.30090236663818,
        99.70709538459778,
        101.45985221862793,
        77.75401878356934,
        105.14348983764648
    ],
    "mean": 93.86621856689453,
    "std": 10.917946037372907,
    "var": 119.20154567498678,
    "median": 99.25235188007355,
    "p25": 84.66899460554123,
    "p75": 101.82045078277588,
    "p05": 75.54967997074127,
    "p95": 105.21405271291732,
    "min_time": 69.77819442749023,
    "max_time": 105.30090236663818
}