{
    "name": "vtr__vtr__mcnc_simple__disk",
    "tags": [
        "vtr",
        "vtr__mcnc_simple",
        "disk"
    ],
    "times": [
        0.3446469306945801,
        0.37508344650268555,
        0.3870842456817627,
        0.38619494438171387,
        0.42853474617004395,
        0.38013720512390137,
        0.38852381706237793,
        0.3906829357147217,
        0.42161130905151367,
        0.4064810276031494,
        0.40567684173583984,
        0.42108821868896484,
        0.4181218147277832,
        0.4154930114746094,
        0.4085087776184082,
        0.4023737907409668,
        0.41628551483154297,
        0.3944425582885742,
        0.40531110763549805,
        0.41377687454223633,
        0.4160897731781006,
        0.4290468692779541,
        0.42662763595581055,
        0.4200105667114258,
        0.264664888381958,
        0.41080522537231445,
        0.41721463203430176,
        0.41316866874694824,
        0.4139416217803955,
        0.361407995223999,
        0.4204421043395996,
        0.4146127700805664
    ],
    "mean": 0.40056537091732025,
    "std": 0.03164067032605156,
    "var": 0.0010011320186818799,
    "median": 0.41198694705963135,
    "p25": 0.38906359672546387,
    "p75": 0.41789501905441284,
    "p05": 0.36551063060760497,
    "p95": 0.4287139892578125,
    "min_time": 0.264664888381958,
    "max_time": 0.4290468692779541
}