{
    "name": "vtr__vtr__mcnc_big__disk",
    "tags": [
        "vtr",
        "vtr__mcnc_big",
        "disk"
    ],
    "times": [
        32.7500786781311,
        34.57083010673523,
        25.376100778579712,
        35.284626960754395,
        33.939253091812134,
        25.21136713027954,
        25.876896619796753,
        24.765110731124878,
        30.237409591674805,
        36.72096300125122,
        32.50394010543823,
        24.506209135055542,
        35.92168045043945,
        26.186151027679443,
        34.189738273620605,
        34.9065945148468,
        33.15934896469116,
        28.117465257644653,
        31.240999460220337,
        25.508624792099,
        32.079691886901855,
        28.303035259246826,
        31.4559326171875,
        31.94466209411621,
        35.91765379905701,
        36.65840435028076,
        24.34945297241211,
        30.780077695846558,
        30.544893741607666,
        24.95201349258423,
        33.40217924118042,
        24.70272922515869
    ],
    "mean": 30.502003595232964,
    "std": 4.216406202160697,
    "var": 17.778081261619192,
    "median": 31.34846603870392,
    "p25": 25.600692749023438,
    "p75": 34.12711697816849,
    "p05": 24.721443676948546,
    "p95": 36.68029987812042,
    "min_time": 24.34945297241211,
    "max_time": 36.72096300125122
}