{
    "name": "vtr__vtr__mcnc_simple__shm+mimalloc",
    "tags": [
        "vtr",
        "vtr__mcnc_simple",
        "shm",
        "mimalloc"
    ],
    "times": [
        0.26214051246643066,
        0.2605295181274414,
        0.1806492805480957,
        0.2727484703063965,
        0.17698884010314941,
        0.2722659111022949,
        0.24577832221984863,
        0.2669496536254883,
        0.26954007148742676,
        0.28866100311279297,
        0.28839111328125,
        0.17824268341064453,
        0.25748658180236816,
        0.278179407119751,
        0.28453874588012695,
        0.27344679832458496,
        0.1874983310699463,
        0.20705771446228027,
        0.2722458839416504,
        0.21248912811279297,
        0.2580723762512207,
        0.28101563453674316,
        0.27509355545043945,
        0.20249295234680176,
        0.21475648880004883,
        0.26835107803344727,
        0.2722342014312744,
        0.24166250228881836,
        0.20389294624328613,
        0.2617206573486328,
        0.2236635684967041,
        0.28534746170043945,
        0.20732474327087402,
        0.26215505599975586,
        0.27504825592041016,
        0.2811434268951416,
        0.2708244323730469,
        0.2566070556640625,
        0.21892070770263672,
        0.2697739601135254,
        0.27713584899902344,
        0.26049327850341797,
        0.2676692008972168,
        0.25003480911254883,
        0.25482654571533203,
        0.2646620273590088,
        0.2682669162750244,
        0.27089858055114746
    ],
    "mean": 0.2516649216413498,
    "std": 0.03201033336355074,
    "var": 0.0010246614420456495,
    "median": 0.2634085416793823,
    "p25": 0.22816330194473267,
    "p75": 0.2726278305053711,
    "p05": 0.20099349021911622,
    "p95": 0.28702147006988527,
    "min_time": 0.17698884010314941,
    "max_time": 0.28866100311279297
}