{
    "name": "vtr__vtr__mcnc_big_search__shm",
    "tags": [
        "vtr",
        "vtr__mcnc_big_search",
        "shm"
    ],
    "times": [
        157.9488091468811,
        157.69720649719238,
        117.59451389312744,
        164.91670393943787,
        157.16160583496094,
        128.86483216285706,
        133.26619720458984,
        135.93269658088684,
        128.43489336967468,
        130.0416362285614,
        162.66544914245605,
        131.4240906238556,
        135.810688495636,
        163.61716079711914,
        113.85991096496582,
        158.2686116695404,
        146.40007877349854,
        164.82987070083618,
        116.51667499542236,
        140.45354294776917,
        125.3352472782135,
        123.18039751052856,
        134.25608348846436,
        125.14628887176514,
        164.0250744819641,
        162.99580359458923,
        160.93736863136292,
        126.919184923172,
        122.37647700309753,
        116.49592804908752,
        138.30090737342834,
        140.82653617858887
    ],
    "mean": 140.20313972979784,
    "std": 17.220263754939232,
    "var": 296.5374837896738,
    "median": 135.8716925382614,
    "p25": 125.73123168945312,
    "p75": 158.18866103887558,
    "p05": 116.84002666473388,
    "p95": 164.86026233434677,
    "min_time": 113.85991096496582,
    "max_time": 164.91670393943787
}