{
    "name": "vtr__vtr__mcnc_big__shm+mimalloc",
    "tags": [
        "vtr",
        "vtr__mcnc_big",
        "shm",
        "mimalloc"
    ],
    "times": [
        27.049349784851074,
        31.26034140586853,
        26.73358154296875,
        25.471615314483643,
        33.29392719268799,
        29.497376680374146,
        34.841980934143066,
        30.135377407073975,
        34.97939133644104,
        27.18459725379944,
        35.55219554901123,
        35.20311450958252,
        26.471089839935303,
        26.477863788604736,
        25.98860239982605,
        24.46615481376648,
        29.480453491210938,
        25.42647433280945,
        34.94309401512146,
        30.905035972595215,
        28.24290633201599,
        34.876423358917236,
        25.048338413238525,
        26.201077699661255,
        27.4011709690094,
        31.942108869552612,
        35.44802141189575,
        35.089333295822144,
        26.96810007095337,
        32.33167123794556,
        26.131086111068726,
        30.9467830657959
    ],
    "mean": 29.874644950032234,
    "std": 3.79552726733459,
    "var": 14.406027237080378,
    "median": 29.48891508579254,
    "p25": 26.47278332710266,
    "p75": 34.4549674987793,
    "p05": 25.440016627311707,
    "p95": 35.48448235988617,
    "min_time": 24.46615481376648,
    "max_time": 35.55219554901123
}