{
    "name": "vtr__vtr__mcnc_big__disk+mimalloc",
    "tags": [
        "vtr",
        "vtr__mcnc_big",
        "disk",
        "mimalloc"
    ],
    "times": [
        28.78696036338806,
        27.207806825637817,
        27.445116996765137,
        27.371721982955933,
        19.8157479763031,
        19.335809469223022,
        30.031962394714355,
        19.78347420692444,
        19.425781965255737,
        26.924971342086792,
        22.08097195625305,
        27.502363204956055,
        29.124544382095337,
        27.030081748962402,
        19.678176879882812,
        28.823914527893066,
        29.91549038887024,
        20.6864972114563,
        27.200209617614746,
        28.25579571723938,
        21.58970618247986,
        19.778806447982788,
        27.908545970916748,
        19.77936625480652,
        28.416443586349487,
        27.499878883361816,
        26.98512077331543,
        29.995628356933594,
        28.24938178062439,
        20.296499490737915,
        28.31819224357605,
        27.765934944152832,
        30.147337913513184,
        27.208795070648193,
        26.98420214653015,
        30.181745052337646,
        20.43827176094055,
        27.40185236930847,
        29.912293195724487,
        30.132309913635254,
        27.13741970062256,
        27.22030019760132,
        27.751126766204834,
        27.432018995285034,
        28.06887173652649,
        27.284469604492188,
        26.791639804840088,
        20.73521065711975
    ],
    "mean": 25.996641019980114,
    "std": 3.682835770259025,
    "var": 13.563279310699386,
    "median": 27.32809579372406,
    "p25": 21.712522625923157,
    "p75": 28.302593111991882,
    "p05": 19.779310274124146,
    "p95": 30.140575313568114,
    "min_time": 19.335809469223022,
    "max_time": 30.181745052337646
}