{
    "name": "vtr__vtr__mcnc_simple__disk+mimalloc",
    "tags": [
        "vtr",
        "vtr__mcnc_simple",
        "disk",
        "mimalloc"
    ],
    "times": [
        0.27689194679260254,
        0.21663188934326172,
        0.3070361614227295,
        0.2445545196533203,
        0.28891968727111816,
        0.24619293212890625,
        0.2786407470703125,
        0.17599773406982422,
        0.1816551685333252,
        0.18018436431884766,
        0.2414689064025879,
        0.2305469512939453,
        0.24169063568115234,
        0.26302480697631836,
        0.22077131271362305,
        0.20250654220581055,
        0.25934672355651855,
        0.24236750602722168,
        0.20599985122680664,
        0.19103074073791504,
        0.19939661026000977,
        0.25467753410339355,
        0.20799565315246582,
        0.2514970302581787,
        0.24544763565063477,
        0.2564089298248291,
        0.23995590209960938,
        0.23304176330566406,
        0.2312028408050537,
        0.2424616813659668,
        0.24243736267089844,
        0.258699893951416,
        0.24887537956237793,
        0.2260127067565918,
        0.22904491424560547,
        0.2491300106048584,
        0.2435009479522705,
        0.24082422256469727,
        0.23541569709777832,
        0.24495530128479004,
        0.2776954174041748,
        0.2728855609893799,
        0.2088608741760254,
        0.2524747848510742,
        0.2296769618988037,
        0.2463841438293457,
        0.250596284866333,
        0.24364376068115234
    ],
    "mean": 0.23872206111749014,
    "std": 0.027646674480851542,
    "var": 0.0007643386098501679,
    "median": 0.24244952201843262,
    "p25": 0.22677075862884521,
    "p75": 0.25223034620285034,
    "p05": 0.1985600233078003,
    "p95": 0.2842941641807556,
    "min_time": 0.17599773406982422,
    "max_time": 0.3070361614227295
}