{
    "name": "vtr__vtr__mcnc_big_search__disk",
    "tags": [
        "vtr",
        "vtr__mcnc_big_search",
        "disk"
    ],
    "times": [
        156.32925534248352,
        119.96888637542725,
        152.4196479320526,
        144.8476791381836,
        147.36902713775635,
        155.69996428489685,
        150.19527387619019,
        154.3912808895111,
        155.6054825782776,
        150.24738430976868,
        151.85674142837524,
        145.98182463645935,
        127.38770842552185,
        145.6174397468567,
        149.10066437721252,
        142.16431832313538,
        143.36243200302124,
        148.9214415550232,
        144.0280270576477,
        130.7122700214386,
        131.58403158187866,
        125.64586615562439,
        146.67306113243103,
        149.99304223060608,
        153.04357957839966,
        153.6318826675415,
        133.37197065353394,
        132.63414311408997,
        127.59382677078247,
        153.69833064079285,
        139.724196434021,
        151.63700771331787
    ],
    "mean": 144.2324277535081,
    "std": 10.212478894397611,
    "var": 104.29472516851663,
    "median": 147.0210441350937,
    "p25": 134.9600270986557,
    "p75": 152.27892130613327,
    "p05": 127.44954392910003,
    "p95": 155.92021615505217,
    "min_time": 119.96888637542725,
    "max_time": 156.32925534248352
}