{
    "name": "vtr__vtr__mcnc_big__shm",
    "tags": [
        "vtr",
        "vtr__mcnc_big",
        "shm"
    ],
    "times": [
        23.153069019317627,
        33.30882954597473,
        30.184327602386475,
        23.072944402694702,
        31.8335018157959,
        34.82370448112488,
        23.41370129585266,
        22.923327207565308,
        23.685315370559692,
        31.952283143997192,
        34.77447533607483,
        22.775498390197754,
        32.902708768844604,
        34.95353436470032,
        32.36535310745239,
        34.86324644088745,
        31.667613983154297,
        31.134773015975952,
        34.95806670188904,
        31.792179822921753,
        24.05749797821045,
        22.995270490646362,
        31.969727277755737,
        31.880696296691895,
        25.832735061645508,
        29.18630886077881,
        31.672250986099243,
        24.97500443458557,
        22.7375385761261,
        31.990496158599854,
        35.05854105949402,
        34.9113495349884,
        31.947280406951904,
        33.20022416114807,
        22.69800877571106,
        35.005008935928345,
        32.841761112213135,
        34.924872398376465,
        33.55294322967529,
        31.733630180358887,
        25.50274395942688,
        34.20749115943909,
        31.920547246932983,
        35.06137776374817,
        32.43889260292053,
        31.76101303100586,
        32.52287483215332,
        34.75613594055176
    ],
    "mean": 30.455847422281902,
    "std": 4.421001870425107,
    "var": 19.54525753830229,
    "median": 31.933913826942444,
    "p25": 25.585241734981537,
    "p75": 34.04385417699814,
    "p05": 22.988076162338256,
    "p95": 35.034451603889465,
    "min_time": 22.69800877571106,
    "max_time": 35.06137776374817
}