{
    "name": "vtr__vtr__mcnc_simple__disk",
    "tags": [
        "vtr",
        "vtr__mcnc_simple",
        "disk"
    ],
    "times": [
        0.3897111415863037,
        0.20878911018371582,
        0.38762927055358887,
        0.253201961517334,
        0.38515162467956543,
        0.2028789520263672,
        0.28855347633361816,
        0.2079479694366455,
        0.2966001033782959,
        0.2727081775665283,
        0.38251376152038574,
        0.28681445121765137,
        0.30813097953796387,
        0.37671947479248047,
        0.2065296173095703,
        0.276935338973999,
        0.30805516242980957,
        0.20131373405456543,
        0.3779778480529785,
        0.2977769374847412,
        0.2527167797088623,
        0.37200188636779785,
        0.2714240550994873,
        0.28177380561828613,
        0.3016476631164551,
        0.2354273796081543,
        0.36873841285705566,
        0.2752819061279297,
        0.3011353015899658,
        0.2868635654449463,
        0.36287546157836914,
        0.27175021171569824,
        0.2853372097015381,
        0.3603949546813965,
        0.2869224548339844,
        0.2779216766357422,
        0.20544171333312988,
        0.28829526901245117,
        0.35083556175231934,
        0.22190284729003906,
        0.2856409549713135,
        0.26693105697631836,
        0.27561235427856445,
        0.2876319885253906,
        0.2832677364349365,
        0.2620363235473633,
        0.28307580947875977,
        0.3066723346710205
    ],
    "mean": 0.2921978284915288,
    "std": 0.05395739706178755,
    "var": 0.0029114006976834004,
    "median": 0.2862277030944824,
    "p25": 0.2680543065071106,
    "p75": 0.3081120252609253,
    "p05": 0.20780613422393798,
    "p95": 0.38651432991027834,
    "min_time": 0.20131373405456543,
    "max_time": 0.3897111415863037
}