{
    "name": "vtr__vtr__mcnc_simple__shm",
    "tags": [
        "vtr",
        "vtr__mcnc_simple",
        "shm"
    ],
    "times": [
        0.28798890113830566,
        0.284271240234375,
        0.3039360046386719,
        0.27022862434387207,
        0.2713618278503418,
        0.29366540908813477,
        0.3003840446472168,
        0.28043627738952637,
        0.2603435516357422,
        0.20060181617736816,
        0.29404354095458984,
        0.30182552337646484,
        0.2018742561340332,
        0.21533465385437012,
        0.20411229133605957,
        0.3045167922973633,
        0.28763771057128906,
        0.2971642017364502,
        0.20241260528564453,
        0.20291996002197266,
        0.3246595859527588,
        0.32394909858703613,
        0.29796814918518066,
        0.3047158718109131,
        0.21011567115783691,
        0.20686984062194824,
        0.29787611961364746,
        0.29384684562683105,
        0.30118894577026367,
        0.29015135765075684,
        0.3060264587402344,
        0.2924675941467285,
        0.2713172435760498,
        0.2949800491333008,
        0.28111886978149414,
        0.2963836193084717,
        0.29604673385620117,
        0.28472089767456055,
        0.28267621994018555,
        0.27852511405944824,
        0.27525806427001953,
        0.28764915466308594,
        0.3055381774902344,
        0.3073740005493164,
        0.27553224563598633,
        0.27384066581726074,
        0.23839855194091797,
        0.2900886535644531
    ],
    "mean": 0.27613214651743573,
    "std": 0.03520516852972052,
    "var": 0.0012394038912060242,
    "median": 0.2878190279006958,
    "p25": 0.2713283896446228,
    "p75": 0.29794514179229736,
    "p05": 0.20399305820465088,
    "p95": 0.31649030447006227,
    "min_time": 0.20060181617736816,
    "max_time": 0.3246595859527588
}