{
    "name": "vtr__vtr__mcnc_big__shm+mimalloc",
    "tags": [
        "vtr",
        "vtr__mcnc_big",
        "shm",
        "mimalloc"
    ],
    "times": [
        30.175679206848145,
        20.487115621566772,
        25.21709656715393,
        27.40898895263672,
        30.17439579963684,
        27.15866494178772,
        19.45840334892273,
        21.861103773117065,
        29.722610235214233,
        27.878278017044067,
        28.306262254714966,
        19.725522756576538,
        27.395885467529297,
        30.236262798309326,
        19.67250895500183,
        22.043888330459595,
        26.83233380317688,
        23.761682510375977,
        30.298681259155273,
        27.507821321487427,
        20.378308296203613,
        27.37265920639038,
        27.46053981781006,
        30.328857898712158,
        27.202489852905273,
        27.469465970993042,
        20.838019609451294,
        30.0979266166687,
        28.190373420715332,
        27.414061784744263,
        27.285052061080933,
        19.787598371505737,
        19.45671248435974,
        30.261399269104004,
        29.282302379608154,
        30.334915161132812,
        28.24207615852356,
        30.263747692108154,
        27.856590509414673,
        28.339431285858154,
        28.726957082748413,
        20.73329472541809,
        27.779297828674316,
        30.151061534881592,
        27.541815757751465,
        27.27273654937744,
        27.414450883865356,
        27.401649475097656
    ],
    "mean": 26.46264536678791,
    "std": 3.6249747670470662,
    "var": 13.140442061727931,
    "median": 27.437495350837708,
    "p25": 24.125536024570465,
    "p75": 29.14346605539322,
    "p05": 19.781390810012816,
    "p95": 30.31527841091156,
    "min_time": 19.45671248435974,
    "max_time": 30.334915161132812
}