{
    "name": "vtr__vtr__mcnc_simple__disk+mimalloc+lcall",
    "tags": [
        "vtr",
        "vtr__mcnc_simple",
        "disk",
        "mimalloc",
        "lcall"
    ],
    "times": [
        0.236314058303833,
        0.1870417594909668,
        0.2696552276611328,
        0.2207798957824707,
        0.22001171112060547,
        0.2935795783996582,
        0.3045511245727539,
        0.18612170219421387,
        0.22380518913269043,
        0.29212498664855957,
        0.29500651359558105,
        0.21379899978637695,
        0.26042938232421875,
        0.3082759380340576,
        0.26308560371398926,
        0.30725669860839844,
        0.3168623447418213,
        0.3047754764556885,
        0.20833063125610352,
        0.2137773036956787,
        0.25352001190185547,
        0.31508731842041016,
        0.3031425476074219,
        0.24428296089172363,
        0.24802756309509277,
        0.2675297260284424,
        0.28414487838745117,
        0.2701282501220703,
        0.23728632926940918,
        0.2719407081604004,
        0.21353363990783691,
        0.23546528816223145,
        0.26962757110595703,
        0.26988863945007324,
        0.2198185920715332,
        0.23949217796325684,
        0.2321152687072754,
        0.29375481605529785,
        0.26916027069091797,
        0.27541375160217285,
        0.3058962821960449,
        0.25153326988220215,
        0.2723686695098877,
        0.2878270149230957,
        0.2433154582977295,
        0.26561880111694336,
        0.24977588653564453,
        0.23156952857971191
    ],
    "mean": 0.25930936137835187,
    "std": 0.03459930021897915,
    "var": 0.0011971115756430506,
    "median": 0.2643522024154663,
    "p25": 0.2329527735710144,
    "p75": 0.2910504937171936,
    "p05": 0.21375293731689454,
    "p95": 0.3120221972465515,
    "min_time": 0.18612170219421387,
    "max_time": 0.3168623447418213
}