{
    "name": "vtr__vtr__mcnc_big_search__shm",
    "tags": [
        "vtr",
        "vtr__mcnc_big_search",
        "shm"
    ],
    "times": [
        116.25234246253967,
        124.83152198791504,
        157.31465554237366,
        115.11102604866028,
        161.58895826339722,
        123.01302194595337,
        151.6551651954651,
        159.76399183273315,
        123.68042635917664,
        169.36265635490417,
        160.89949011802673,
        130.68359327316284,
        162.575457572937,
        160.32767391204834,
        170.61185216903687,
        115.98700666427612,
        170.65477538108826,
        132.39955520629883,
        122.16887855529785,
        163.69740843772888,
        173.76530766487122,
        166.47468328475952,
        125.26995515823364,
        158.33764004707336,
        159.99524426460266,
        156.272794008255,
        114.82970952987671,
        167.25298500061035,
        165.7067334651947,
        162.07497453689575,
        123.81151556968689,
        165.43120050430298,
        159.05014872550964,
        114.16848921775818,
        156.7984583377838,
        166.11461639404297,
        170.5784113407135,
        169.3207507133484,
        162.8356168270111,
        160.2769980430603,
        165.19659066200256,
        170.20452547073364,
        168.02329444885254,
        175.18482542037964,
        162.55627632141113,
        159.63253498077393,
        157.1113874912262,
        156.74083304405212
    ],
    "mean": 152.19991578658423,
    "std": 19.606417123395705,
    "var": 384.41159241658437,
    "median": 160.13612115383148,
    "p25": 131.11258375644684,
    "p75": 166.0126456618309,
    "p05": 116.22580888271332,
    "p95": 172.36556813716888,
    "min_time": 114.16848921775818,
    "max_time": 175.18482542037964
}