{
    "name": "vtr__vtr__mcnc_big_search__shm+mimalloc",
    "tags": [
        "vtr",
        "vtr__mcnc_big_search",
        "shm",
        "mimalloc"
    ],
    "times": [
        127.42821931838989,
        129.9753475189209,
        120.73213839530945,
        141.82326436042786,
        122.24265217781067,
        122.56119346618652,
        136.90981245040894,
        149.28735184669495,
        127.74724745750427,
        156.97930526733398,
        161.2796504497528,
        122.72403001785278,
        163.1696650981903,
        131.57270216941833,
        115.62758827209473,
        131.20600867271423,
        153.81117701530457,
        124.44500255584717,
        156.30586338043213,
        124.22528195381165,
        127.53310298919678,
        155.67789793014526,
        130.90410017967224,
        163.68301248550415,
        141.0721824169159,
        116.96731495857239,
        161.6803948879242,
        159.03192901611328,
        119.91703248023987,
        128.42131996154785,
        137.98013401031494,
        160.13767886161804
    ],
    "mean": 138.22061256319284,
    "std": 16.08357690698181,
    "var": 258.68144612279866,
    "median": 131.38935542106628,
    "p25": 124.28021210432053,
    "p75": 156.1488720178604,
    "p05": 120.16156425476075,
    "p95": 163.34933668375015,
    "min_time": 115.62758827209473,
    "max_time": 163.68301248550415
}