{
    "name": "vtr__vtr__mcnc_big__disk+mimalloc+lcall",
    "tags": [
        "vtr",
        "vtr__mcnc_big",
        "disk",
        "mimalloc",
        "lcall"
    ],
    "times": [
        28.85860848426819,
        26.471319913864136,
        21.63631582260132,
        21.50017738342285,
        30.402017831802368,
        28.240713596343994,
        19.395358562469482,
        21.63868522644043,
        20.774317979812622,
        28.45033621788025,
        22.286182403564453,
        21.119107961654663,
        29.34071445465088,
        30.54266881942749,
        20.42581009864807,
        27.202188968658447,
        28.89788246154785,
        23.68861484527588,
        28.388144731521606,
        31.25391459465027,
        30.233661651611328,
        30.933016538619995,
        29.05861735343933,
        31.225609302520752,
        27.576446533203125,
        30.925910711288452,
        19.758882522583008,
        28.69720697402954,
        29.54848027229309,
        28.74566626548767,
        28.690934896469116,
        28.31315803527832,
        21.042318105697632,
        29.197632551193237,
        30.21926712989807,
        29.303131818771362,
        20.83506989479065,
        28.64160990715027,
        27.428712844848633,
        28.793688774108887,
        28.89400839805603,
        28.820865392684937,
        30.60549235343933,
        22.221535444259644,
        28.733120679855347,
        28.32532024383545,
        29.49669075012207,
        20.790563106536865
    ],
    "mean": 26.824368725220364,
    "std": 3.803946744260012,
    "var": 14.470010833166345,
    "median": 28.666272401809692,
    "p25": 22.237697184085846,
    "p75": 29.331318795681,
    "p05": 20.78893859386444,
    "p95": 31.093942558765413,
    "min_time": 19.395358562469482,
    "max_time": 31.25391459465027
}